{"cameraMode":{"drawMode":0,"name":"Shaded","section":"Shading Mode"},"sceneLighting":false,"audioPlay":false,"sceneViewState":{"showFog":true,"showMaterialUpdate":false,"showSkybox":true,"showFlares":true,"showImageEffects":true,"showParticleSystems":true},"in2DMode":false,"pivot":{"x":-50.3298454284668,"y":-1.2253646850585938,"z":27.727195739746095},"rotation":{"x":0.04830783233046532,"y":-0.3363582193851471,"z":0.017278047278523446,"w":0.9403356313705444},"size":626.4869384765625,"orthographic":false}