{"cameraMode":{"drawMode":0,"name":"Shaded","section":"Shading Mode"},"sceneLighting":false,"audioPlay":false,"sceneViewState":{"showFog":true,"showMaterialUpdate":false,"showSkybox":true,"showFlares":true,"showImageEffects":true,"showParticleSystems":true},"in2DMode":false,"pivot":{"x":29.414804458618165,"y":1.679504632949829,"z":70.87939453125},"rotation":{"x":-0.10424525290727616,"y":0.12852878868579865,"z":-0.013586522080004216,"w":-0.9861180186271668},"size":10.684337615966797,"orthographic":false}