{"cameraMode":{"drawMode":0,"name":"Shaded","section":"Shading Mode"},"sceneLighting":false,"audioPlay":false,"sceneViewState":{"showFog":true,"showMaterialUpdate":false,"showSkybox":true,"showFlares":true,"showImageEffects":true,"showParticleSystems":true},"in2DMode":false,"pivot":{"x":8.299999237060547,"y":0.45000123977661135,"z":73.4000015258789},"rotation":{"x":0.11698510497808457,"y":-0.03427024185657501,"z":0.004037837963551283,"w":0.9925340414047241},"size":62.02259826660156,"orthographic":false}