{"cameraMode":{"drawMode":0,"name":"Shaded","section":"Shading Mode"},"sceneLighting":false,"audioPlay":false,"sceneViewState":{"showFog":true,"showMaterialUpdate":false,"showSkybox":true,"showFlares":true,"showImageEffects":true,"showParticleSystems":true},"in2DMode":false,"pivot":{"x":-5.563786506652832,"y":0.9623126983642578,"z":27.727195739746095},"rotation":{"x":0.09457847476005554,"y":-0.04628836736083031,"z":0.004401559010148048,"w":0.9944309592247009},"size":422.75518798828127,"orthographic":false}