{"cameraMode":{"drawMode":0,"name":"Shaded","section":"Shading Mode"},"sceneLighting":false,"audioPlay":false,"sceneViewState":{"showFog":true,"showMaterialUpdate":false,"showSkybox":true,"showFlares":true,"showImageEffects":true,"showParticleSystems":true},"in2DMode":false,"pivot":{"x":28.380157470703126,"y":678.6123046875,"z":27.727195739746095},"rotation":{"x":0.09457847476005554,"y":-0.04628836736083031,"z":0.004401559010148048,"w":0.9944309592247009},"size":452.0379638671875,"orthographic":false}