{"cameraMode":{"drawMode":0,"name":"Shaded","section":"Shading Mode"},"sceneLighting":false,"audioPlay":false,"sceneViewState":{"showFog":true,"showMaterialUpdate":false,"showSkybox":true,"showFlares":true,"showImageEffects":true,"showParticleSystems":true},"in2DMode":false,"pivot":{"x":40.43440246582031,"y":1.1724474430084229,"z":74.4444351196289},"rotation":{"x":-0.15398399531841279,"y":0.19775605201721192,"z":-0.031471285969018939,"w":-0.9675696492195129},"size":27.239534378051759,"orthographic":false}