{"cameraMode":{"drawMode":0,"name":"Shaded","section":"Shading Mode"},"sceneLighting":true,"audioPlay":false,"sceneViewState":{"showFog":true,"showMaterialUpdate":false,"showSkybox":true,"showFlares":true,"showImageEffects":true,"showParticleSystems":true},"in2DMode":false,"pivot":{"x":126.7466049194336,"y":80.95178985595703,"z":57.81822967529297},"rotation":{"x":0.17669127881526948,"y":-0.684114396572113,"z":0.17637914419174195,"w":0.6853160262107849},"size":59.45217514038086,"orthographic":false}