{"cameraMode":{"drawMode":0,"name":"Shaded","section":"Shading Mode"},"sceneLighting":false,"audioPlay":false,"sceneViewState":{"showFog":true,"showMaterialUpdate":false,"showSkybox":true,"showFlares":true,"showImageEffects":true,"showParticleSystems":true},"in2DMode":false,"pivot":{"x":-126.5303726196289,"y":157.5138702392578,"z":30.12701416015625},"rotation":{"x":0.11987686902284622,"y":-0.05062427744269371,"z":0.0061200144700706009,"w":0.9914783835411072},"size":934.9383544921875,"orthographic":false}