{"cameraMode":{"drawMode":0,"name":"Shaded","section":"Shading Mode"},"sceneLighting":false,"audioPlay":false,"sceneViewState":{"showFog":true,"showMaterialUpdate":false,"showSkybox":true,"showFlares":true,"showImageEffects":true,"showParticleSystems":true},"in2DMode":false,"pivot":{"x":195.48770141601563,"y":942.7625122070313,"z":36.90576171875},"rotation":{"x":0.041664231568574908,"y":0.011093349196016789,"z":0.0004629987815860659,"w":-0.9990699887275696},"size":3922.730224609375,"orthographic":false}