{"cameraMode":{"drawMode":0,"name":"Shaded","section":"Shading Mode"},"sceneLighting":false,"audioPlay":false,"sceneViewState":{"showFog":true,"showMaterialUpdate":false,"showSkybox":true,"showFlares":true,"showImageEffects":true,"showParticleSystems":true},"in2DMode":false,"pivot":{"x":30.653615951538087,"y":2.269176483154297,"z":70.49067687988281},"rotation":{"x":-0.11911551654338837,"y":0.12239871919155121,"z":-0.014798196963965893,"w":-0.9851959943771362},"size":14.771472930908204,"orthographic":false}