{"cameraMode":{"drawMode":0,"name":"Shaded","section":"Shading Mode"},"sceneLighting":false,"audioPlay":false,"sceneViewState":{"showFog":true,"showMaterialUpdate":false,"showSkybox":true,"showFlares":true,"showImageEffects":true,"showParticleSystems":true},"in2DMode":false,"pivot":{"x":-28.692832946777345,"y":171.1074676513672,"z":27.727195739746095},"rotation":{"x":0.2436680644750595,"y":-0.03637329861521721,"z":0.0091444356366992,"w":0.9691332578659058},"size":89.51303100585938,"orthographic":false}