{"cameraMode":{"drawMode":0,"name":"Shaded","section":"Shading Mode"},"sceneLighting":false,"audioPlay":false,"sceneViewState":{"showFog":true,"showMaterialUpdate":false,"showSkybox":true,"showFlares":true,"showImageEffects":true,"showParticleSystems":true},"in2DMode":false,"pivot":{"x":-46.53523635864258,"y":14.546685218811036,"z":110.71199035644531},"rotation":{"x":-0.04377567023038864,"y":0.03805984929203987,"z":-0.001668364042416215,"w":-0.9983147382736206},"size":101.2373046875,"orthographic":false}